k_primes,S (first k primes),largest_prime,theoretical_uncovered,empirical_uncovered,mertens_approx,theoretical_coverage
1,[2],2,0.5,0.5,0.810015,0.5
2,"[2, 3]",3,0.333333,0.333335,0.511062,0.666667
3,"[2, 3, 5]",5,0.266667,0.26667,0.348854,0.733333
4,"[2, 3, 5, 7]",7,0.228571,0.228575,0.288533,0.771429
5,"[2, 3, 5, 7, 11]",11,0.207792,0.207795,0.234147,0.792208
6,"[2, 3, 5, 7, 11, 13]",13,0.191808,0.191805,0.218897,0.808192
